{"cameraMode":{"drawMode":0,"name":"Shaded","section":"Shading Mode"},"sceneLighting":false,"audioPlay":false,"sceneViewState":{"m_AlwaysRefresh":false,"showFog":true,"showSkybox":false,"showFlares":true,"showImageEffects":true,"showParticleSystems":true,"showVisualEffectGraphs":true,"m_FxEnabled":true},"in2DMode":false,"pivot":{"x":6.081965923309326,"y":-1.9451429843902588,"z":-3.6513218879699709},"rotation":{"x":0.0014018118381500245,"y":-0.9982208013534546,"z":-0.026061449199914933,"w":-0.05365981161594391},"size":0.6044009327888489,"orthographic":true}